Name,Job title,Skills,Location
Tanny Fomichkin,Locksmith,lock and security mechanism,Épinal
Clary Lowbridge,washing machine , all types of washing machines,Meitang
Lin Elvins,care taker,taking care of old people and small children,Luoyang
Cordula Gowans,web developer,design and build website,Stockholm
Accenture,architect,design new buildings,Donji Dobri?
Petey Norrey,carpenter, furniture making ,Kastélli
Alla Drewery,sweeper,cleaning and maintaining house,Wichit
kinesis management consultant Pvt.Ltd,Plumber,install and repair pipes,Yanjiang
Portie Bellie,barber,hair cutting,Kondoa
Jemima Gorst,cleaning worker,cleaning,R?czna
Atkins global,Locksmith,lock and security mechanism,Wujiao
Adolph Dagnall,Locksmith,lock and security mechanism,Tanumshede
Leoine Treadgall,app developer,design and build apps,Qishui
Pris Spaduzza,pantry cook,cold food items,Hezhai
Tish Lardier,Taxi Driver,Can drive any type of 4 whiller,Banjar Paangkelod
Link Kent,Locksmith,lock and security mechanism,Presidente Prudente
Agile HR consultancy Pvt.Ltd,washing machine , all types of washing machines,G?ogów Ma?opolski
Zacharia Gyppes,Locksmith,lock and security mechanism,Uiasa
Ardene Widdop,barber,hair cutting,Dosso
premium,shop worker,working in various shops,Daloa
Dean Bleas,Locksmith,lock and security mechanism,Touho
Connie Misselbrook,painter,"painting houses,buildings ",Xinji
Zachary Brosini,Locksmith,lock and security mechanism,Envigado
Carmelita Hadaway,cleaning worker,cleaning,Wanzhi
Joyce Lesmonde,Truck Driver,For long route transportation,Zhanghuban
Hermina Renouf,fry/saute cook,expert in fried sauteed items ,Alderetes
Melitta Stit,Welding,Extensive knowledge of various welding techniques,Condoroma
Accenture,barber,hair cutting,Skinnskatteberg
Morten Longden,Taxi Driver,for one day trip,Budapest
Ervin Viggers,carpenter, furniture making ,Santa Rosa
Winona Everett,beautician,facewash cleanup makeup parlour,Zhaotong
Judon Mengue,web developer,design and build website,Tudela
Agile HR consultancy Pvt.Ltd,cleaning worker,cleaning,Guatraché
Werner Munkton,Welding,Extensive knowledge of various welding techniques,Clamart
Lonnie Balthasar,accountant ,accounting ,Lamadong
Korella Komorowski,Truck ,,Ganyi
Regan Vellden,Plumber,install and repair pipes,Spirovo
Atkins global,care taker,taking care of old people and small children,Phong ?i?n
Parke Wimbush,barber,hair cutting,Amapala
Cybil Handke,app developer,design and build apps,Ljungsbro
Gloria Beals,cleaning worker,cleaning,Huyang
Olia Marwood,architect,design new buildings,Yangmingbu
Cindy Holdey,washing machine , all types of washing machines,Itapemirim
Talya Ashment,web developer,design and build website,Dianbu
Dorothy Scatchard,care taker,taking care of old people and small children,Ryglice
Sig McGoon,tester,for finding the bugs in the code,Quinta da Torre
premium,accountant ,accounting ,Ore
Jamill Paylie,Welding,Extensive knowledge of various welding techniques,Xamtay
Doti Gircke,waiter,serve water/cooked food,Stará Paka
Trudi Peepall,beautician,facewash cleanup makeup parlour,Her?s
Marty Attewill,shop worker,working in various shops,Xiaotang
kinesis management consultant Pvt.Ltd,barber,hair cutting,Sondo
Gavra Korejs,truck,sdgseg,Vidago
Mel Hammant,carpenter, furniture making ,Dinjo
Natalya Chaplain,Housekeeper,adapt in the household they work in,Vlorë
Perren Stood,Welding,Extensive knowledge of various welding techniques,Barabedang
Agile HR consultancy Pvt.Ltd,cleaning worker,cleaning,Zbros?awice
Maje Dudin,truck," skill, excellent hearing and vision",Dallas
convate for e commerce domain,care taker,taking care of old people and small children,Dimataling
Livia Egalton,Plumber,install and repair pipes,Al B?riq?yah
Fanya Bullough,painter,"painting houses,buildings ",Olds
Sinai global,shop worker,working in various shops,Guchang
Andras Gorrick,app developer,design and build apps,Kampunglistrik
Alf Eich,accountant ,accountanting,Tibigan
Beryle Lethbridge,beautician,facewash cleanup makeup parlour,Iroquois Falls
Stafford Chattey,barber,hair cutting,Retenggoma
Florenza Chalmers,washing machine , all types of washing machines,Falköping
Tove Ducastel,tester,for finding the bugs in the code,Srinagarindra
Gui Faers,Truck Driver,"Driving skill, excellent hearing and vision",Guohua
Cheslie Gosling,Welding,Extensive knowledge of various welding techniques,Chengfeng
Elvina Ahmad,Housekeeper,adapt in the household they work in,Xunjian
Corenda Rotge,cleaning worker,cleaning,Deneysville
Brittne Cleugh,Housekeeper,adapt in the household they work in,Ape
Irvine Abramcik,web developer,design and build website,Chmielno
Pepi Miguet,baker,"cook cakes,creativity ",Kebon
Fraser Cridland,barber,hair cutting,Raszczyce
Agile HR consultancy Pvt.Ltd,care taker,taking care of old people and small children,Kabalen
Kendal Hearns,Plumber,install and repair pipes,Pelasgía
premium,accountant ,accounting ,Goyang-si
Sephira Fessions,shop worker,working in various shops,Cachí
Thornton Schankelborg,Truck ," skill, excellent hearing and vision",Ajaccio
convate for e commerce domain,app developer,design and build apps,Khalopyenichy
Kelsi Trowill,cleaning worker,cleaning,Panyingkiran
Deva Durnin,Welding,Extensive knowledge of various welding techniques,Stockholm
Shelli Kensy,electrician, solve all electrical issues ,Podstepki
Mab Jemmison,web developer,design and build website,Ra-ngae
Farand Culleford,Housekeeper,adapt in the household they work in,Vänersborg
Hillery Janczewski,shop worker,working in various shops,Wuda
Nadiya Unstead,Truck Driver,"Driving skill, excellent hearing and vision",Guantánamo
Sinai global,barber,hair cutting,Miragoâne
Tomasina Frodsham,washing machine , all types of washing machines,S?n T?nh
Nedda Masters,care taker,taking care of old people and small children,Solnechnyy
Elnora Brisseau,Plumber,install and repair pipes,Oslo
Conchita Kivlin,accountant ,accountanting,Chiri-Yurt
Normand Hannan,tester,for finding the bugs in the code,Louriceira
Georas Brim,delivery boy ,provide tiffins of meal ,Haiyanmiao
Aubert Southcoat,Welding,Extensive knowledge of various welding techniques,Cergy-Pontoise
Jodie McLarens,app developer,design and build apps,Áno Kómi
HCL Technologies Limited,carpenter, furniture making ,Denver
Marcus Blazejewski,architect,design new buildings,?ebbu?
kinesis management consultant Pvt.Ltd,web developer,design and build website,Sherwood Park
Brice Dallemore,cleaning worker,cleaning,Garden Grove
Delcina Dikles,Truck ,"Driving skill, excellent hearing and vision",San Antonio
Kristos Cartmel,shop worker,working in various shops,Tours
Nariko Risen,Locksmith,lock and security mechanism,Birigui
Boony Gergler,barber,hair cutting,Yeosu
Jervis Harraway,care taker,taking care of old people and small children,San Pedro
Grier Kleimt,painter,"painting houses,buildings ",Meget
HCL Technologies Limited,Housekeeper,adapt in the household they work in,Pasauran
Reuben Kinnach,Welding,Extensive knowledge of various welding techniques,Ferreira do Alentejo
Elna Warrick,Truck Driver,"Driving skill, excellent hearing and vision",Alkmaar
Perry Harlett,washing machine , all types of washing machines,Horodnytsya
Candy Hawarden,cleaning worker,cleaning,Taoyuan
Vincenz Affleck,tester,for finding the bugs in the code,K?leke Mandi
convate for e commerce domain,accountant ,accounting ,Vitoria-Gasteiz
Sol Mogie,Plumber,install and repair pipes,T?gane
Sinai global,web developer,design and build website,Pawa
Georgiana Le Brom,baker,"cooks cakes ,creativity",Deán Funes
Bessy Shawl,Plumber,install and repair pipes,Zhonghe
Elita Kinchington,Plumber,install and repair pipes,Lin’an
Sinai global,shop worker,working in various shops,Pršovce
Keefe Qusklay,app developer,design and build apps,Az Ziy?rah
Cthrine Metzke,Housekeeper,adapt in the household they work in,Liuhao
Vonnie Sherrett,care taker,taking care of old people and small children,Pniewy
Agile HR consultancy Pvt.Ltd,architect,design new buildings,Huiyi
Venus Poynton,carpenter, furniture making ,Talawi
Shelden Lynn,Truck ," skill, excellent hearing and vision",Korogan Timur
Berne Sedger,cleaning worker,cleaning,Zishan
Emlen Morena,Welding,Extensive knowledge of various welding techniques,Konza
Neddy Bothram,washing machine , all types of washing machines,Oetua
Ennis Booler,Plumber,install and repair pipes,E’erdun Wula
Katerine Kabsch,accountant ,accounting ,Pasir Mas
Karleen Smallman,tester,for finding the bugs in the code,K?nosu
Perry Kunneke,Truck ," skill, excellent hearing and vision",Sidomulyo
Elle Darycott,line cook,responsible for daily food and kitchen tasks,Krajan Kidul Rojopolo
Nonah Songer,barber,hair cutting,Ndano
Klement Loddy,care taker,taking care of old people and small children,Ciawi
convate for e commerce domain,web developer,design and build website,Szczecin
Francois Dimitriades,carpenter, furniture making ,Zelenokumsk
Johnathan Hammond,app developer,design and build apps,Penanggungan
Teresita Prahl,Housekeeper,adapt in the household they work in,Rubirizi
HCL Technologies Limited,painter,"painting houses,buildings ",Houston
Frayda Bofield,Truck," skill, excellent hearing and vision",Huangshanguan
Blinni Maneylaws,Locksmith,lock and security mechanism,Krasnorechenskiy
Johnette Archdeckne,Welding,Extensive knowledge of various welding techniques,Matanog
Idelle Ramiro,shop worker,working in various shops,Mwembe
Meridel Goede,Plumber,install and repair pipes,Ban Kruat
Vivi Durnan,care taker,taking care of old people and small children,Kodinsk
Vale Shillito,barber,hair cutting,Surcubamba
Vasilis Fasey,butcher cook,prepare cuts of meat,Ziyang
Danielle Rantoull,Truck ," skill, excellent hearing and vision",Baruunsuu
convate for e commerce domain,tester,for finding the bugs in the code,Höganäs
Clifford Reckus,web developer,design and build website,Cinangsih Satu
Brynn Teffrey,cleaning worker,cleaning,Levallois-Perret
Perl Peplaw,Locksmith,lock and security mechanism,El Ksour
Devina Stinton,Welding,Extensive knowledge of various welding techniques,Sayama
Sinai global,washing machine , all types of washing machines,Huxu
Regen Fliege,school bus Truck ,"carefullness,skill, excellent hearing and vision",L?chi
Carree Futter,architect,design new buildings,Surkh Biland?
Aridatha Patshull,care taker,taking care of old people and small children,Suugaant
Kennett Treble,Housekeeper,adapt in the household they work in,Berlín
Gwyneth Milch,accountant ,accounting ,Yanggu
Cos Esson,app developer,design and build apps,Candi Prambanan
Emanuel Lainton,Mechanic,excellent knowledge of motor technology,Rio Grande
Giordano Grimshaw,web developer,design and build website,Tidili Mesfioua
Xenos McFall,cleaning worker,cleaning,Clodomira
Beatrisa Feuell,Welding,Extensive knowledge of various welding techniques,Mykolayiv
Joannes O'Hone,fish cook,expert in fish/lobster cooking,Bogovinje
Atkins global,Mechanic,excellent knowledge of motor technology,Ballsh
Kim Cattini,Mechanic,excellent knowledge of motor technology,Amos
Joelie Warrender,Truck ," skill, excellent hearing and vision",Semënov
Eddy Palfreeman,care taker,taking care of old people and small children,Taojiahe
HCL Technologies Limited,barber,hair cutting,Beringinjaya
Isac Randalston,Mechanic,excellent knowledge of motor technology,Pokrovskoye
Maryjane Dedenham,painter,"painting houses,buildings ",Santa Rita
Chrystel Ziemke,Mechanic,excellent knowledge of motor technology,Zubrzyca Dolna
Kandy Burrett,app developer,design and build apps,Nueva Imperial
Laura Behneke,Welding,Extensive knowledge of various welding techniques,Palma De Mallorca
Kathe Medford,shop worker,working in various shops,Laspezia
Pearle Kyston,Housekeeper,adapt in the household they work in,Ramaram
Frasquito Davydzenko,cleaning worker,cleaning,Cumaná
Barnaby Sylvester,washing machine , all types of washing machines,Portela
Drusy Dobie,Housekeeper,adapt in the household they work in,Cachoeiras de Macacu
Sinai global,Plumber,install and repair pipes,Laraos
Odella Tabord,accountant ,accounting ,Tangwang
Timmi Niccolls,tester,for finding the bugs in the code,Raman
convate for e commerce domain,architect,design new buildings,Jutrosin
Darrelle Lovatt,Welding,Extensive knowledge of various welding techniques,Sekartaji
My Twyning,broiler cook,"grilled, boiled,roasted items",Mailag
Dionisio Pithie,Housekeeper,adapt in the household they work in,Fentange
Jerrilyn Mossdale,web developer,design and build website,Kruhlaye
Elayne Packham,washing machine , all types of washing machines,Nong Khai
Pippo Sweetland,Mechanic,excellent knowledge of motor technology,Daji
Valentine Rice,Mechanic,excellent knowledge of motor technology,Jagabaya Dua
Eccentric solution Pvt.Ltd,carpenter, furniture making ,Zhetang
Ezmeralda Gyver,Housekeeper,adapt in the household they work in,Prosperidad
Owen Sarten,Housekeeper,adapt in the household they work in,Borucin
Livia de Pinna,Welding,Extensive knowledge of various welding techniques,Donja Mahala
Arleen Carruth,social worker,who help people solve and cope with problems,Carapelhos
Chelsy Manueli,shop worker,working in various shops,Santa
Ardelle Munnings,barber,hair cutting,Valday
Dexter Rosterne,architect,design new buildings,Oinoússes
Lindsey Pund,electrician, solve all electrical issues ,Quimilí
Oberon Appleford,app developer,design and build apps,Bonneville
Nadia Momery,cleaning worker,cleaning,Ribeira Quente
Chic Fakeley,tester,for finding the bugs in the code,Paris 18
Norris Conkay,web developer,design and build website,Babasakhib
Cynde Manske,care taker,taking care of old people and small children,Rimbo
Eccentric solution Pvt.Ltd,Welding,Extensive knowledge of various welding techniques,Borås
Oren Dominici,Housekeeper,adapt in the household they work in,Dobratice
Dermot Dunsleve,Plumber,install and repair pipes,Jastrz?bia
Marti Mimmack,delivery boy ,provides cooked food to doorstep,Swinford
Giffard Veck,Housekeeper,adapt in the household they work in,Mazhonghe
Sophey Biaggiotti,Welding,Extensive knowledge of various welding techniques,Porteirinha
Avril Plimmer,accountant ,accounting ,Yunchi
HCL Technologies Limited,Truck ," skill, excellent hearing and vision",Arras
Ingaberg Doxey,shop worker,working in various shops,Domont
Phillis Dunning,Truck Driver,"Driving skill, excellent hearing and vision",Rueil-Malmaison
Carlyle Cortnay,care taker,taking care of old people and small children,Kananya
Arabella Pentlow,washing machine , all types of washing machines,Nueva Guadalupe
Franny Reven,Truck ," skill, excellent hearing and vision",Los Angeles
Gal Propper,web developer,design and build website,Butuan
Atkins global,cleaning worker,cleaning,Dom Pedrito
Aube Collings,barber,hair cutting,Chikeng
Dieter Drance,carpenter, furniture making ,Sila
Sergeant Arbon,Plumber,install and repair pipes,Malanday
Kakalina Poundsford,app developer,design and build apps,Santyoku
Ephrem Jack,executive cook,heads the cooking department,Ust’-Kachka
Jeanine Reedick,social worker,who help people solve and cope with problems,Huangascar
Les Gouldsmith,cleaning worker,cleaning,Vichadero
Filmer Denisovich,architect,design new buildings,M?rupe
Kathlin Tallboy,painter,"painting houses,buildings ",Zhetian
Christalle Todd,Plumber,install and repair pipes,Khorol
Yves Fairfull,shop worker,working in various shops,Malakand
Noella Steer,Plumber,install and repair pipes,Kluki
Wilden Routh,accountant ,accounting ,Jiantian
Gnni Hadeke,Farmworker,maintain crops and tend to livestock,Västerås
Sonnie Bricknell,tester,for finding the bugs in the code,Basey
Amberly Leney,washing machine , all types of washing machines,Lanshan
Ulrikaumeko Rois,architect,design new buildings,Bastia
Tommy Sinnatt,cleaning worker,cleaning,Guicheng
Eccentric solution Pvt.Ltd,app developer,design and build apps,Ban? Khall?d
Moe Grier,kitchen manager,handles cooking/kitchen,Obsharovka
Toiboid Raun,web developer,design and build website,La Unión
Shandie Eagle,shop worker,working in various shops,Béziers
Marguerite Brownscombe,carpenter, furniture making ,Säffle
Laird Baldini,web developer,design and build website,Ouijjane
Prudi Betjes,accountant ,accounting ,Masebewa
Iris Newgrosh,care taker,taking care of old people and small children,Shengli
Scarface Segges,electrician, solve all electrical issues ,Tanahgrogot
Romeo Alessandrelli,electrician, solve all electrical issues ,Q?rghonteppa
Rosalinda Ibbetson,accountant ,accounting ,El Quetzal
May MacFie,painter,"painting houses,buildings ",Tabio
Stepha Pezey,shop worker,working in various shops,Heping
Elwyn Marte,washing machine repairing,repair all types of washing machines,São Miguel do Rio Torto
Anette Gouge,carpenter, furniture making ,Skënderbegas
Corliss Tunno,cleaning worker,cleaning,Kembangkerang Satu
Salomon Hew,baker,"cook cakes,creativity,skilled in using ovens",Changuillo
Marabel Haggeth,shop worker,working in various shops,San Sebastian
Emanuel Ryall,care taker,taking care of old people and small children,Velenje
Barr Merrett,electrician,solve all electrical issues ,Choroszcz
Merilee Spaldin,shop worker,working in various shops,Nuevo Chamelecón
Jacqueline Seear,web developer,design and build website,Templeogue
Kirk Craister,carpenter, furniture making ,Solok
Norbie Shorie,app developer,design and build apps,Paty do Alferes
valsatech corp,painter,"painting houses,buildings ",Wanshi
Sallee Kyberd,architect,design new buildings,Gaya
Drona Todhunter,care taker,taking care of old people and small children,Donghuang
Denys Barthropp,accountant ,accounting ,Xinba
Dorey Adamek,tester,for finding the bugs in the code,Dahay
Jerrylee Watton,cleaning worker,cleaning,Newton
Eccentric solution Pvt.Ltd,Plumber,install and repair pipes,East End
Jsandye De la Yglesias,carpenter, furniture making ,Vittel
Merrile Jaxon,Plumber,install and repair pipes,Jubb Ramlah
Wendel McLane,tester,for finding the bugs in the code,Yangdian
Palmer Drought,web developer,design and build website,Gelgaudiškis
Lothaire Plesing,painter,"painting houses,buildings ",Winseler
Chloe Beseke,architect,design new buildings,Tacoma
Kaiser Selvester,care taker,taking care of old people and small children,Surkh Biland?
Godard Ionn,bartender,"serves the drink,food",Laban
Templeton Earthfield,Plumber,install and repair pipes,Huochang
Jordan Derr,social worker,who help people solve and cope with problems,Manay
Germaine Ferrelli,mobile repairing,repair all types of mobile devices,Paldit
Allissa Dewitt,software architect,help to build the code,Yingwusitang
Marlyn Melbourn,carpenter, furniture making ,Ningchegu
Charleen Grisley,sweeper,cleaning and maintaining house,Paradise
Atkins global,app developer,design and build apps,Qingyuan
Lonnie Cowlishaw,electrician, solve all electrical issues ,Vilcún
Luis Sarsons,cleaning worker,cleaning,Lubichowo
Hermie Rippingall,architect,design new buildings,Caramuca
Giorgi Boardman,care taker,taking care of old people and small children,Sukakerta
Latrina Mation,accountant ,accounting ,Stenungsund
valsatech corp,web developer,design and build website,Pyshchug
Alicea Stairmand,tester,for finding the bugs in the code,Xiangzhou
Arleyne Snoad,painter,"painting houses,buildings ",Kediri
Conrado Dri,Plumber,install and repair pipes,Sukaraharja
Tedman Bartomieu,social worker,who help people solve and cope with problems,Jifeng
Romeo Connikie,software architect,help to build the code,Yefremov
kaya limited,electrician, solve all electrical issues ,Kow?n-?p
Tadio McCerery,sweeper,cleaning and maintaining house,Perre
Clerc Worwood,barber,hair cutting,Tianhe
Serene Wilderspoon,masseur,help with massage and accupuncture,Karangbadar Kidul
Eziechiele Gypps,accountant ,accounting ,Kasamwa
Lilas Hodgets,shop worker,working in various shops,Santa Lucia
Atkins global,architect,design new buildings,Angus
kaya  limited,carpenter, furniture making ,Chengdong
Boone Rothchild,software architect,help to build the code,Yanjiang
Ileana Rubinek,web developer,design and build website,Casa Branca
Matty Carah,app developer,design and build apps,Marataizes
Elizabet Ballchin,carpenter, furniture making ,Povorino
Tobi Fipp,tester,for finding the bugs in the code,Triwil
Lorita Baiden,painter,"painting houses,buildings ",Longford
Hamlen Snowsill,Plumber,install and repair pipes,Rokietnica
Eccentric solution Pvt.Ltd,automobile repairing,"tyre exchange,puncture,oiling,etc",Borlänge
Pietra Lemon,sweeper,cleaning and maintaining house,Buckland
Eliot Brunesco,social worker,who help people solve and cope with problems,Teutônia
Sandy Albury,electrician, solve all electrical issues ,Laibin
My Dolling,software architect,help to build the code,Jiaomingsi
Jerad McCahill,cleaning worker,cleaning,La Estancia
Conrade Colvie,accountant ,accounting ,Kista
Maurits Voyce,barber,hair cutting,Tullinge
Godwin Poulden,masseur,help with massage and accupuncture,Guancheng
Carlee Wheal,carpenter, furniture making ,Hengshan
Marilee Mathelin,web developer,design and build website,Milwaukee
Bailie Rookledge,architect,design new buildings,Bulacan
valsatech corp,app developer,design and build apps,Stara B?otnica
Cristal Acom,broiler cook,"grilled,boiled,roasted non veg",Avignon
Lyn Lopes,tester,for finding the bugs in the code,Talawi
Torey Staig,software architect,help to build the code,Stockton
Debor Dafydd,shop worker,working in various shops,Pegões
valsatech corp,sweeper,cleaning and maintaining house,Jacinto Arauz
Brittany Lattey,painter,"painting houses,buildings ",Wola Filipowska
Mavra Marion,web developer,design and build website,Buzdyak
kaya  limited,barber,hair cutting,Seogeom-ri
Tamar Jerrard,carpenter, furniture making ,Falun
Loria Longo,masseur,help with massage and accupuncture,Bestovje
Ermengarde Tonsley,accountant ,accounting ,Kuaro
Norry Spalls,barber,hair cutting,El Porvenir
Russell Whitcomb,electrician, solve all electrical issues ,Ad Dilam
Scotty Ringrose,software architect,help to build the code,São Pedro
valsatech corp,tv repairing,all types of LED's and tv,Mpraeso
Alyse Butt,architect,design new buildings,Shin’ichi
Grazia Callan,web developer,design and build website,Pawa
Glen Mathieson,care taker,taking care of old people and small children,Pangushan
Ulla Massey,catering manager,"handles complaint about cooking,watering service",Tejakalapa
Reinhold Coyett,cleaning worker,cleaning,Lavradio
Maggie Reyburn,app developer,design and build apps,Sil-li
Odele Solomonides,social worker,who help people solve and cope with problems,Pieksämäki
Ambur Harryman,accountant ,accounting ,Rosignol
Allard Fermin,sweeper,cleaning and maintaining house,Laborde
HANSUM INDIA ELECTRONICS Pvt.Ltd,shop worker,working in various shops,Pogag
Derrick Dudderidge,Plumber,install and repair pipes,Nytva
Gerrie Inger,painter,"painting houses,buildings ",Pruszcz Gda?ski
Bessy Paddell,software architect,help to build the code,Ampahana
Cletis Chedzoy,web developer,design and build website,Strelka
Flint Shellcross,carpenter, furniture making ,Santo Niño
Jillana Crossgrove,barber,hair cutting,Makin Village
Isabel Dell Casa,masseur,help with massage and accupuncture,Mrongi Daja
Major Jayme,care taker,taking care of old people and small children,Tanda
Verney Papes,accountant ,accounting ,Ankou
Hersh Mayall,barber,hair cutting,Lumph?t
premium,sweeper,cleaning and maintaining house,Ilare
Avrit Paule,electrician, solve all electrical issues ,La Maná
Hedi Keitley,app developer,design and build apps,Tambak
Hali Kaufman,washing machine ,repair all types of washing machines,Anjia
Sheff Jeannon,architect,design new buildings,Ouro Preto
Heinrik O'Lahy,cleaning worker,cleaning,Cueto
Sarah Brient,shop worker,working in various shops,Xianshuigu
Marmaduke Guidini,tester,for finding the bugs in the code,Karlsruhe
Torey Lenchenko,Farmworker,maintain crops and tend to livestock,Dubinino
Christophe Prestidge,carpenter, furniture making ,Mont-Joli
Karrie Van Cassel,Plumber,install and repair pipes,Casais
HANSUM INDIA ELECTRONICS Pvt.Ltd,web developer,design and build website,Gagarawa
Arlena Yardley,painter,"painting houses,buildings ",Zamboanga
Siusan Knighton,beautician,facewash cleanup makeup parlour,Pan?evo
Nicolina Dowse,app developer,design and build apps,M?sa Khel B?z?r
Tudor Hollows,barber,hair cutting,Chojnów
Lenette Amiss,accountant ,accounting ,Lavaltrie
Abeu MacRory,software architect,help to build the code,Castedo
Nadine Skurray,care taker,taking care of old people and small children,Balbalan
Lin Hanse,cooking ,provide tiffins of meal ,Khafizan
Tabor Schaffler,beautician,facewash cleanup makeup parlour,Liulin
Pansie Pembry,sweeper,cleaning and maintaining house,Rancakole
Octavia Schimmang,Farmworker,maintain crops and tend to livestock,Santa Catarina Ixtahuacán
valsatech corp,cleaning worker,cleaning,La Aurora
Datha Gallant,washing machine ,repair all types of washing machines,Le Blanc-Mesnil
Randene Crose,architect,design new buildings,Benavila
Federica Margrie,web developer,design and build website,Randu
Mervin Ryland,carpenter, furniture making ,Lepaterique
Chrisy Beames,tester,for finding the bugs in the code,Boussé
Jamey Klehyn,app developer,design and build apps,Tafeng
Pip Oldacres,app developer,design and build apps,Combita
Lin Franzetti,accountant ,accounting ,Lingcheng
Leila Penticoot,Farmworker,maintain crops and tend to livestock,Hoxtolgay
Glennie McElvogue,care taker,taking care of old people and small children,Butha-Buthe
Elden Peeke,shop worker,working in various shops,Göteborg
Christy Upwood,Plumber,install and repair pipes,Esperanza
Leigh Cheney,social worker,who help people solve and cope with problems,Mocajuba
Calida Scaplehorn,executive cook,department head for food service,Bakung
Cecilius Twohig,web developer,design and build website,Bela Vista do Paraíso
Ardene Rignoldes,software architect,help to build the code,Koa
Isabeau Freebury,fridge repairing,"repair not cooling issue,defrost system,etc",Santa Justina
valsatech corp,barber,hair cutting,Cungapmimbo
Fabian Miall,sweeper,cleaning and maintaining house,Mosteiró
HANSUM INDIA ELECTRONICS Pvt.Ltd,accountant ,accounting ,Peicheng
Antoni Kumaar,beautician,facewash cleanup makeup parlour,Olhos de Água
Louie Stronack,carpenter, furniture making ,Dalazi
Rebecka MacCook,Yoga Instructor,Experience of regular yoga practice,Notre-Dame-des-Prairies
Briano Noden,app developer,design and build apps,Yunxi
Vladimir Whopples,cleaning worker,cleaning,Inazawa
Rex Mingardo,tester,for finding the bugs in the code,Sobreiro
Ruthy Danne,Yoga Instructor,Experience of regular yoga practice,Juan de Acosta
Tamara Kingsland,cooler repairing,"motor exchange,cooling pad repairing etc",Shahrak-e B?kharz
valsatech corp,beautician,facewash cleanup makeup parlour,Gubu
Sarette Insworth,Plumber,install and repair pipes,Kórnik
Bartlet Spaven,care taker,taking care of old people and small children,Biao
Quentin Gooding,fry/saute cook,expert in fried and sauteed items,Pagelaran
Hal Le Marchant,software architect,help to build the code,Cascavel
Ophelie Cosser,barber,hair cutting,Puncaktugu
Gwyneth Buncher,web developer,design and build website,Sabana Grande
Cad Robinet,Yoga Instructor,Experience of regular yoga practice,Spartanburg
premium,sweeper,cleaning and maintaining house,Kamirenjaku
Lazare Screase,shop worker,working in various shops,Mechrá Belqsiri
Niall O'Farrell,Yoga Instructor,Experience of regular yoga practice,Nieszawa
Tara Horsburgh,Yoga Instructor,Experience of regular yoga practice,Yingzhou
Zebadiah Tooker,cleaning worker,cleaning,Repatriación
Allistir Haslehurst,barber,hair cutting,Las Tunas
Tania Wisham,carpenter, furniture making ,Quva
Kaye McGarvie,Yoga Instructor,Experience of regular yoga practice,Los Angeles
Silvio Stoyle,accountant ,accounting ,Tugu
Lyndsey Beakes,beautician,facewash cleanup makeup parlour,Lintingkou
Dorise Robilart,kitchen manager,"purchase items for cooking,handles kitchen",Recarei
Rita Skelhorn,software architect,help to build the code,Pyhäsalmi
Aldis Wedge,care taker,taking care of old people and small children,Wenfu
Prudence Bierling,washing machine, all types of washing machines,Dobrich
Robby Torald,architect,design new buildings,Kudinovo
Neron Snipe,app developer,design and build apps,Luojiang
Danice Tomblin,web developer,design and build website,B??dów
Cy Solley,barber,hair cutting,Dula’er Ewenke Minzu
Abie Simionato,painter,"painting houses,buildings ",Ciwaru
Chandler Tingle,Yoga Instructor,Experience of regular yoga practice,San Agustin
Armando Gladdolph,sweeper,cleaning and maintaining house,Huayllabamba
Vernice MacScherie,cleaning worker,cleaning,Acacías
Wallas Zapater,Yoga Instructor,Experience of regular yoga practice,Duyun
Francesco Jarrad,accountant ,accounting ,Zhiqu
Jacquelin Quinlan,Yoga Instructor,Experience of regular yoga practice,San Juan
Kiersten Pealing,Yoga Instructor,Experience of regular yoga practice,Apt
Norton McClounan,care taker,taking care of old people and small children,Janas
Deane Mundee,carpenter,furniture making ,Dorchester
Foss Keson,software architect,help to build the code,Orlu
HANSUM INDIA ELECTRONICS Pvt.Ltd,beautician,facewash cleanup makeup parlour,Jiangning
Ondrea Dabner,sweeper,cleaning and maintaining house,Luau
Wynn Rantoull,washing machine , all types of washing machines,Mehendiganj
Leland Merrgan,web developer,design and build website,Bayangol
Colver Berrington,barber,hair cutting,Kujung
Teresina Kees,shop worker,working in various shops,Shin’ichi
Gil Honacker,cleaning worker,cleaning,Tanahmerah
Adara Avrasin,architect,design new buildings,Aranas Sur
Peria Coots,app developer,design and build apps,Kampungbajo
Ryann Dober,accountant ,accounting ,Kétou
kaya  limited,software architect,help to build the code,São Manuel
Spencer Jacob,pantry cook,cold food items,Shuikou
Erminie Sproston,Locksmith,lock and security mechanism,Siding
Juliane Crocumbe,Locksmith,lock and security mechanism,Yilan
Cornelius Preshous,care taker,taking care of old people and small children,Marignane
Accenture,web developer,design and build website,Leuburi
Hayes Gristhwaite,sweeper,cleaning and maintaining house,San Diego
Alaine Lanchbery,washing machine , all types of washing machines,Sabang
Lisbeth Crosen,beautician,facewash cleanup makeup parlour,Ciomas
Kally Fishly,barber,hair cutting,Xanxerê
Nikolaus Lamberto,Locksmith, lock and security mechanism,Göteborg
Gabbey Downton,Mechanic,excellent knowledge of motor technology,Maymana
Vally Choules,carpenter, furniture making ,Paihia
Kit Poat,Mechanic,excellent knowledge of motor technology,Chãos
Dana Eagger,cleaning worker,cleaning,Chãos
kaya  limited,accountant ,accounting ,Megion
Alec Lissett,architect,design new buildings,Bijelo Polje
Sibeal Hirtz,soup and sauce cook,all soups and sauce,Eisen
Michail Brennand,sweeper,cleaning and maintaining house,Buritis
Leonie Caccavari,beautician,facewash cleanup makeup parlour,Jiulonggang
Leann Castelyn,barber,hair cutting,Xinrong
Mathew Bautiste,care taker,taking care of old people and small children,Yarumal
Ken Macquire,accountant ,accounting ,Ararat
Verna Kroch,Locksmith,lock and security mechanism,Shimokizukuri
Daile Mutton,painter,"painting houses,buildings ",Mauloo
Alyda Shea,Locksmith,lock and security mechanism,Yanzhao
HCL Technologies Limited,app developer,design and build apps,Buffalo
Geoff Hullot,web developer,design and build website,Marilao
Patrizio Ruslinge,washing machine , all types of washing machines,Lere
Oswald Barense,Locksmith,lock and security mechanism,Omoa
Berkly Makin,sweeper,cleaning and maintaining house,Abaca
Barbabra Headings,cleaning worker,cleaning,Serra de Santa Marinha
Jody Cayet,shop worker,working in various shops,Penalva de Alva
Felizio Ennion,barber,hair cutting,Santa Teresa
Sinai global,Locksmith,lock and security mechanism,Gniechowice
premium,bus person,"serves the bread,butter,water",Nyandoma
Cody Gildea,Truck Driver,"Driving skill, excellent hearing and vision",Licuan
Rustin Gierck,soup and sauce cook,all soups and sauce,Graz
Delmer Robbie,sweeper,cleaning and maintaining house,Lizi
Accenture,beautician,facewash cleanup makeup parlour,Panalanoy
